id;address;description;home_page;user_id;brand_name;expiration_month;expiration_year;holder_name;number;cvv
200;Sevilla;Tu perro como en casa;www.facebook.com;5;VISA;11;2016;Pepe;1,1222244444444;1111
201;Sevilla;Quieres el mejor acompañante para tu mascota;www.facebook.com;6;VISA;12;2017;Manuel;4281917007;123
202;Sevilla;Un hogar perfecto para tu mascota;www.facebook.com;7;VISA;1;2017;Paco;4716397105;456
203;Malaga;Familia con perra docil y proximidad al parque;www.facebook.com;8;VISA;12;2017;Francisco;4716397105;798
204;Malaga;Como en casa!;www.facebook.com;9;VISA;5;2017;Antonio;4716397105;741
205;Jaen;Paraiso para los peludos, como en su propia casa;www.facebook.com;10;VISA;6;2017;Agustin;4716397105;852
206;Huelva;Cuidados y mimos como en casa;;11;VISA;7;2017;Manuela;4716397105;963
207;Almeria;Se busca compañía gatuna para mis viajes;;12;VISA;8;2017;Carmen;4716397105;547
208;Huelva;Responsable y comprometido con los animales;;13;VISA;90;2017;Ana;4716397105;541
209;Sevilla;Hotel;www.facebook.com;14;VISA;10;2017;Maria;4716397105;562
210;Sevilla;Su mascota en la mejor residencia para mascotas;www.facebook.com;15;VISA;1;2017;Andres;4716397105;489
